Model,RMSE,R2
LinearReg,955.4942530766988,-0.023966894410664352
RandomForest,998.2698272260566,-0.11770101854753245
XGBoost,1141.6956407395394,-0.46194300916559183
